"character_id","costume_id","model_preset","label","skill_ids"
"0x0","0x0","0","Goku - Turtle Gi 1","0, 40, 123, 591, 5000, 65535, 10001, 21080, 65535"
"0x0","0xa","1","Goku - Turtle Gi (Festival)","0, 2, 5, 593, 5000, 5009, 10000, 21080, 25009"
"0x0","0x12","1","Goku - 18","0, 2, 5, 593, 5000, 5009, 10000, 21080, 25009"
"0x0","0x12","0","Goku - Whis Symbol Gi","0, 2, 5, 16, 5000, 65535, 10000, 21080, 25009"
"0x0","0x11","0","Goku - Turtle Gi 12","0, 596, 115, 593, 5000, 5004, 10000, 21080, 25009"
"0x0","0xf","0","Goku - Turtle Gi 16","0, 3, 5, 593, 5000, 65535, 10000, 21080, 25009"
"0x0","0xe","0","Captain Ginyu - Goku","222, 164, 52, 223, 5220, 65535, 10130, 21082, 65535"
"0x0","0xd","0","Goku - Turtle Gi 14","597, 596, 5, 593, 5000, 65535, 10341, 21080, 25009"
"0x0","0xc","0","Goku - Turtle Gi 7","0, 594, 115, 16, 5000, 65535, 10000, 21080, 25005"
"0x0","0xa","0","Goku - Turtle Gi 15","0, 2, 5, 16, 5000, 5040, 10000, 21080, 25009"
"0x0","0xb","0","Goku - Turtle Gi 6","0, 595, 32, 592, 5000, 5006, 10000, 21080, 25005"
"0x0","0x8","0","Goku - Turtle Gi 5","8, 7, 123, 4, 5005, 65535, 10341, 21080, 25005"
"0x0","0x7","0","Goku - Turtle Gi 9","0, 2, 115, 592, 5000, 5007, 10000, 21080, 25007"
"0x0","0x6","0","Goku - Turtle Gi 11","0, 2, 5, 592, 5800, 5050, 10101, 21080, 25007"
"0x0","0x5","0","Goku - Turtle Gi 10","0, 596, 22, 592, 5800, 5050, 10101, 21080, 25007"
"0x0","0x4","0","Goku - Turtle Gi 8","0, 595, 115, 592, 5000, 65535, 10000, 21080, 25007"
"0x0","0x3","0","Goku - Turtle Gi 4","0, 164, 125, 16, 5050, 65535, 10101, 21080, 25005"
"0x0","0x2","0","Goku - Turtle Gi 3","0, 31, 115, 591, 5000, 65535, 10341, 21080, 65535"
"0x0","0x1","0","Goku - Turtle Gi 2","1, 31, 32, 124, 5000, 65535, 10341, 21080, 65535"
"0x0","0x0","50","Goku - 0","0, 40, 123, 591, 5000, 65535, 10001, 21080, 65535"
"0x0","0x9","0","Goku - Turtle Gi 13","0, 596, 5, 592, 5800, 5050, 10000, 21080, 25009"
"0x1","0x3","1","Masked Saiyan - Battle Armor 1","12, 596, 543, 538, 5011, 5010, 10130, 21080, 65535"
"0x1","0x7","0","Bardock - Time Patroller Armor","12, 11, 10, 593, 5010, 5011, 10160, 21080, 25009"
"0x1","0x5","0","Bardock - Battle Armor 4","12, 11, 10, 593, 5010, 5011, 10160, 21080, 25009"
"0x1","0x3","0","Masked Saiyan - Battle Armor 1","533, 596, 623, 593, 5011, 65535, 10130, 21080, 65535"
"0x1","0x4","0","Masked Saiyan - Battle Armor 2","533, 596, 623, 593, 5011, 5012, 10130, 21080, 65535"
"0x1","0x1","0","Bardock - Battle Armor 3","597, 11, 10, 16, 5010, 65535, 10160, 21080, 65535"
"0x1","0x0","0","Bardock - Battle Armor 1","12, 596, 14, 591, 5013, 65535, 10340, 21080, 65535"
"0x1","0x2","0","Bardock - Battle Armor 2","12, 596, 22, 592, 5012, 65535, 10160, 21080, 25007"
"0x1","0x0","50","Bardock - 0","12, 596, 11, 10, 5010, 5012, 10160, 21080, 65535"
"0x2","0x1","0","Goku (GT) (Super Saiyan 4) - Whis Symbol Gi","21, 30, 800, 593, 5800, 5004, 10101, 21080, 65535"
"0x2","0x0","0","Goku (GT) (Super Saiyan 4) - Uniform","21, 3, 20, 593, 5000, 5004, 10101, 21080, 65535"
"0x2","0x2","0","Goku (GT) (Super Saiyan 4) - Time Patroller Gi","21, 2570, 20, 593, 5000, 5004, 10101, 21080, 65535"
"0x3","0x0","2","Goku (Super Saiyan God) - Turtle Gi 3","36, 3, 35, 593, 5000, 5040, 10160, 21080, 65535"
"0x3","0x1","0","Goku (Super Saiyan God) - Turtle Gi 4","36, 4, 35, 593, 5000, 5800, 10160, 21080, 65535"
"0x3","0x2","0","Goku (Super Saiyan God) - Whis Symbol Gi","3, 0, 800, 593, 5000, 5040, 10160, 21080, 65535"
"0x3","0x0","0","Goku (Super Saiyan God) - Turtle Gi 1","0, 3, 81, 593, 5000, 5040, 10160, 21080, 65535"
"0x3","0x0","1","Goku (Super Saiyan God) - Turtle Gi 2","0, 34, 81, 593, 5000, 5040, 10160, 21080, 65535"
"0x4","0x2","0","Goku (GT) - Uniform 1","4, 44, 41, 592, 5000, 65535, 10001, 21080, 25040"
"0x4","0x1","0","Goku (GT) - Uniform 3","0, 40, 20, 592, 5000, 5004, 10000, 21080, 25040"
"0x4","0x0","0","Goku (GT) - Uniform 2","0, 43, 5, 16, 5000, 5040, 10000, 21080, 25040"
"0x5","0x0","1","Goten - Turtle Gi 2","0, 50, 52, 591, 5000, 65535, 10050, 21080, 25007"
"0x5","0x0","0","Goten - Turtle Gi 1","53, 50, 51, 591, 5050, 65535, 10050, 21080, 25007"
"0x5","0x0","2","Goten - Turtle Gi (Festival)","53, 54, 51, 593, 5000, 65535, 10050, 21080, 25007"
"0x6","0x0","0","Gohan (Kid) - Demon Clothes 2","597, 60, 14, 124, 5061, 65535, 10341, 21080, 65535"
"0x6","0x0","50","Gohan (Kid) - 0","597, 60, 61, 62, 5061, 5060, 10341, 21080, 65535"
"0x6","0x2","0","Gohan (Kid) - Battle Armor","62, 595, 115, 124, 5060, 65535, 10341, 21080, 65535"
"0x6","0x3","0","Gohan (Kid) - Qipao","60, 61, 14, 124, 5061, 65535, 10340, 21080, 65535"
"0x6","0x4","0","Gohan (Kid) - Demon Clothes 1","597, 595, 14, 591, 5013, 65535, 10340, 21080, 65535"
"0x6","0x1","0","Gohan (Kid) - Demon Clothes 3","62, 595, 14, 591, 5013, 65535, 10341, 21080, 65535"
"0x7","0x2","0","Gohan (Youth) - Demon Clothes 4","0, 70, 71, 592, 5071, 5000, 10060, 21080, 25008"
"0x7","0x1","0","Gohan (Youth) - Demon Clothes 2","62, 70, 71, 592, 5070, 5000, 10060, 21080, 25008"
"0x7","0x0","0","Gohan (Youth) - Demon Clothes 1","0, 595, 115, 16, 5013, 65535, 10060, 21080, 25008"
"0x7","0x0","1","Gohan (Youth) - Demon Clothes (Festival)","62, 596, 71, 599, 5071, 5000, 10341, 21080, 25007"
"0x8","0x3","0","Great Saiyaman - Great Saiyaman Suit","81, 595, 97, 82, 5013, 65535, 10341, 21081, 25007"
"0x8","0x1","0","Gohan - Turtle Gi","0, 80, 81, 16, 5000, 65535, 10000, 21081, 25080"
"0x8","0x0","50","Gohan - 0","0, 594, 97, 81, 5000, 65535, 10860, 21081, 25008"
"0x8","0x0","0","Gohan - Uniform 1","0, 594, 115, 593, 5000, 65535, 10860, 21081, 25008"
"0x8","0x9","0","Gohan - Demon Clothes","0, 62, 81, 593, 5000, 5090, 10000, 21081, 65535"
"0x8","0x6","0","Gohan - Uniform 2","2080, 801, 14, 599, 5000, 5083, 12080, 21081, 25008"
"0x8","0x7","0","Gohan - Great Saiyaman Suit 1","2080, 2081, 80, 593, 5013, 5083, 10000, 21081, 25007"
"0x8","0x8","0","Gohan - Great Saiyaman Suit 2","0, 2081, 81, 593, 5800, 5083, 12080, 21081, 25008"
"0x8","0x5","0","Gohan - Tracksuit","0, 81, 14, 592, 5013, 65535, 10000, 21081, 65535"
"0x9","0x1","0","Piccolo - Demon Clothes 2","90, 92, 96, 592, 5013, 5092, 10091, 21083, 65535"
"0x9","0x0","0","Piccolo - Demon Clothes 1","90, 95, 91, 591, 5090, 65535, 10090, 21083, 65535"
"0x9","0x0","50","Piccolo - 0","90, 92, 93, 97, 5013, 65535, 10091, 21083, 65535"
"0x9","0x0","1","Piccolo - Demon Clothes 5","90, 122, 94, 591, 5013, 65535, 10091, 21083, 65535"
"0x9","0x0","2","Piccolo - Demon Clothes (Festival)","52, 98, 94, 593, 5090, 65535, 10091, 21083, 65535"
"0x9","0x2","0","Piccolo - Demon Clothes 3","597, 92, 94, 592, 5090, 65535, 10090, 21083, 65535"
"0x9","0x3","0","Piccolo - Demon Clothes 4","93, 97, 96, 593, 5090, 5091, 10090, 21083, 65535"
"0xa","0x0","1","Krillin - Turtle Gi (Festival)","0, 100, 108, 593, 5101, 5100, 10102, 21083, 65535"
"0xa","0x3","0","Krillin - Turtle Gi 3","0, 596, 108, 591, 5100, 5013, 10101, 21083, 65535"
"0xa","0x0","0","Krillin - Turtle Gi 1","0, 100, 101, 124, 5101, 65535, 10101, 21083, 65535"
"0xa","0x0","50","Krillin - 0","0, 100, 101, 123, 5101, 5100, 10101, 21083, 65535"
"0xa","0x1","0","Krillin - Turtle Gi 2","597, 595, 108, 591, 5101, 65535, 10101, 21083, 65535"
"0xa","0x2","0","Krillin - Battle Armor","0, 595, 123, 124, 5100, 5013, 10340, 21083, 65535"
"0xa","0x5","0","Krillin - Casual Clothes","52, 100, 108, 592, 5013, 5000, 10101, 21083, 65535"
"0xa","0x4","0","Krillin - Turtle Gi 4","52, 100, 108, 592, 5013, 5050, 10101, 21083, 65535"
"0xb","0x1","0","Yamcha - Turtle Gi 3","0, 117, 115, 16, 5110, 5013, 10340, 21083, 65535"
"0xb","0x0","0","Yamcha - Turtle Gi 1","52, 110, 116, 592, 5110, 5050, 10340, 21083, 65535"
"0xb","0x0","50","Yamcha - 0","0, 117, 111, 596, 5110, 5050, 10340, 21083, 65535"
"0xb","0x0","1","Yamcha - Turtle Gi 2","597, 111, 32, 592, 5110, 5013, 10101, 21083, 65535"
"0xb","0x2","0","Yamcha - Turtle Gi","533, 117, 623, 532, 5110, 65535, 10340, 21083, 65535"
"0xb","0x2","1","Yamcha - Turtle Gi","110, 545, 111, 538, 5110, 65535, 10101, 21083, 65535"
"0xc","0x0","0","Tien - Uniform 1","120, 122, 121, 592, 5120, 65535, 10341, 21080, 65535"
"0xc","0x0","50","Tien - 0","121, 595, 120, 123, 5120, 5013, 10341, 21080, 65535"
"0xc","0x1","0","Tien - Uniform 2","121, 595, 125, 16, 5120, 5013, 10341, 21080, 65535"
"0xc","0x2","0","Tien - Qipao","121, 595, 123, 592, 5120, 5050, 10000, 21080, 65535"
"0xd","0x0","2","Raditz - Battle Armor (Festival)","133, 131, 132, 593, 5130, 5131, 10130, 21080, 65535"
"0xd","0x0","1","Raditz - Battle Armor 2","130, 131, 132, 591, 5131, 5013, 10130, 21080, 65535"
"0xd","0x0","0","Raditz - Battle Armor 1","130, 594, 115, 591, 5130, 65535, 10130, 21080, 65535"
"0xd","0x0","50","Raditz - 0","130, 594, 132, 131, 5130, 5131, 10130, 21080, 65535"
"0xd","0x1","0","Raditz - Battle Armor 3","131, 164, 132, 124, 5131, 65535, 10130, 21080, 65535"
"0xe","0x6","0","Saibaman - Saibaman 3","142, 164, 14, 591, 5050, 65535, 10331, 21080, 65535"
"0xe","0x7","0","Cocoaman - Cocoaman","142, 164, 14, 591, 5050, 65535, 10331, 21080, 65535"
"0xe","0x9","0","Ginnanman - Ginnanman","52, 595, 115, 16, 5142, 5050, 10101, 21080, 65535"
"0xe","0xa","0","Kinkanman - Kinkanman","597, 143, 15, 592, 5142, 5050, 10130, 21080, 65535"
"0xe","0xb","0","Dummyman - Dummyman","597, 143, 15, 592, 5142, 5013, 10130, 21080, 65535"
"0xe","0x5","0","Jinkouman - Jinkouman","597, 596, 15, 592, 5140, 5013, 10130, 21080, 65535"
"0xe","0x4","0","Tennenman - Tennenman","597, 596, 15, 592, 5140, 5050, 10130, 21080, 65535"
"0xe","0x3","1","Saibaman - Saibaman 2","143, 144, 545, 592, 5142, 5050, 10130, 21080, 65535"
"0xe","0x3","0","Saibaman - Saibaman 1","52, 595, 115, 16, 5140, 5050, 10101, 21080, 65535"
"0xe","0x2","0","Copyman - Copyman","52, 595, 115, 16, 5050, 65535, 10101, 21080, 65535"
"0xe","0x1","0","Kyukonman - Kyukonman","142, 164, 14, 591, 5050, 65535, 10331, 21080, 65535"
"0xe","0x0","0","Kaiwareman - Kaiwareman","142, 164, 14, 591, 5050, 65535, 10331, 21080, 65535"
"0xe","0x8","0","Buronman - Buronman","52, 595, 115, 16, 5050, 65535, 10101, 21080, 65535"
"0xf","0x0","1","Nappa - Battle Armor (Festival)","590, 150, 155, 593, 5150, 5151, 10130, 21080, 65535"
"0xf","0x2","0","Nappa - Battle Armor 3","150, 164, 153, 592, 5150, 5013, 10130, 21080, 65535"
"0xf","0x1","0","Nappa - Battle Armor 2","597, 152, 15, 592, 5151, 5013, 10130, 21080, 65535"
"0xf","0x0","50","Nappa - 0","150, 164, 151, 153, 5151, 5150, 10130, 21080, 65535"
"0xf","0x0","0","Nappa - Battle Armor 1","590, 164, 151, 592, 5151, 65535, 10130, 21080, 65535"
"0x10","0xb","0","Captain Ginyu - Vegeta","222, 164, 52, 223, 5220, 65535, 65535, 21080, 65535"
"0x10","0x8","0","Vegeta - Battle Armor 8","597, 164, 390, 592, 5161, 65535, 10160, 21081, 25160"
"0x10","0x0","0","Vegeta - Battle Armor 2","597, 164, 163, 591, 5013, 65535, 10160, 21081, 65535"
"0x10","0x0","50","Vegeta - 0","390, 810, 163, 160, 5161, 65535, 10160, 21081, 65535"
"0x10","0x0","1","Vegeta - Battle Armor 3","167, 596, 162, 591, 5810, 65535, 10160, 21081, 65535"
"0x10","0x0","2","Vegeta - Battle Armor (Festival)","161, 168, 163, 599, 5810, 65535, 10101, 21081, 65535"
"0x10","0x1","0","Vegeta - Battle Armor 1","160, 595, 125, 16, 5810, 65535, 10101, 21081, 65535"
"0x10","0x2","0","Vegeta - 2","167, 596, 162, 591, 5810, 65535, 10160, 21081, 65535"
"0x10","0x4","0","Vegeta - Battle Armor 5","160, 595, 161, 592, 5013, 65535, 10160, 21081, 65535"
"0x10","0x3","0","Vegeta - Battle Armor 4","52, 164, 15, 591, 5050, 65535, 10160, 21081, 65535"
"0x10","0x7","0","Vegeta - Battle Armor 7","160, 596, 115, 592, 5810, 5050, 10160, 21081, 65535"
"0x10","0x10","1","Vegeta - 16","161, 168, 163, 599, 5810, 65535, 10160, 21081, 65535"
"0x10","0x10","0","Vegeta - Whis Symbol Battle Armor","390, 810, 163, 16, 5161, 5050, 10160, 21081, 25161"
"0x10","0xf","0","Majin Vegeta (Super Saiyan 2) - Training Suit 2","162, 596, 165, 593, 5163, 5013, 10160, 21081, 65535"
"0x10","0xe","1","Majin Vegeta (Super Saiyan 2) - Training Suit 1","390, 161, 165, 538, 5161, 5163, 10160, 21081, 65535"
"0x10","0xe","0","Majin Vegeta (Super Saiyan 2) - Training Suit 1","390, 166, 165, 16, 5161, 5050, 10341, 21081, 65535"
"0x10","0xa","0","Vegeta - Training Suit 2","390, 594, 163, 593, 5161, 65535, 10101, 21081, 25161"
"0x10","0x5","0","Vegeta - Battle Armor 6","160, 164, 162, 592, 5050, 65535, 10340, 21081, 65535"
"0x10","0x9","0","Vegeta - Training Suit 1","390, 596, 14, 593, 5161, 65535, 10160, 21081, 25161"
"0x11","0x0","0","Vegeta (GT) (Super Saiyan 4) - Casual Clothes","160, 596, 390, 593, 5170, 5161, 10101, 21081, 65535"
"0x11","0x1","0","Vegeta (GT) (Super Saiyan 4) - Whis Symbol Battle Armor","812, 596, 390, 593, 5810, 5161, 10101, 21081, 65535"
"0x11","0x2","0","Vegeta (GT) (Super Saiyan 4) - Time Patroller Battle Armor","160, 596, 2580, 593, 5170, 7581, 10101, 21081, 65535"
"0x12","0x0","0","Guldo - Battle Armor 1","590, 180, 594, 182, 5180, 65535, 10181, 21084, 65535"
"0x12","0x0","1","Guldo - Battle Armor 2","52, 180, 14, 184, 5180, 5050, 10180, 21084, 65535"
"0x13","0x0","0","Burter - Battle Armor 2","192, 193, 115, 191, 5190, 5013, 10190, 21081, 65535"
"0x13","0x0","1","Burter - Battle Armor 1","192, 193, 31, 190, 5190, 65535, 10190, 21081, 65535"
"0x14","0x0","0","Recoome - Battle Armor 1","200, 164, 14, 203, 5200, 65535, 10001, 21080, 65535"
"0x14","0x1","0","Recoome - Battle Armor 2","597, 166, 201, 204, 5200, 5013, 10200, 21080, 65535"
"0x15","0x0","0","Jeice - Battle Armor 1","210, 211, 14, 212, 5210, 65535, 10190, 21083, 65535"
"0x15","0x1","0","Jeice - Battle Armor 2","210, 595, 115, 213, 5210, 5050, 10130, 21083, 65535"
"0x16","0x3","0","Captain Ginyu - Battle Armor 3","222, 224, 221, 220, 5220, 5050, 10130, 21082, 65535"
"0x16","0x0","1","Captain Ginyu - Battle Armor (Festival)","222, 224, 226, 593, 5013, 5050, 10341, 21082, 65535"
"0x16","0x6","0","Zamasu - 6","65535, 65535, 65535, 65535, 65535, 65535, 65535, 21080, 65535"
"0x16","0x5","0","Trunks - Captain Ginyu","270, 272, 262, 591, 5260, 5013, 10260, 21081, 65535"
"0x16","0x0","50","Captain Ginyu - 0","222, 164, 596, 224, 5013, 5050, 10130, 21082, 65535"
"0x16","0x1","0","Captain Ginyu - Battle Armor 2","222, 164, 221, 223, 5220, 5013, 10130, 21082, 65535"
"0x16","0x0","0","Captain Ginyu - Battle Armor 1","222, 164, 14, 220, 5220, 5050, 10341, 21082, 65535"
"0x16","0x2","0","Goku - Captain Ginyu","0, 596, 123, 591, 5050, 65535, 10001, 21080, 65535"
"0x17","0x8","0","Frieza (First Form) - Battle Armor 4","240, 246, 164, 592, 5230, 65535, 10240, 21084, 65535"
"0x17","0x6","0","Frieza (First Form) - First Form 2","240, 246, 31, 592, 5230, 5013, 10240, 21084, 65535"
"0x17","0x7","0","Frieza (First Form) - First Form 3","240, 246, 31, 230, 5230, 5013, 10240, 21084, 65535"
"0x17","0x5","0","Frieza (First Form) - Battle Armor 3","240, 242, 31, 230, 5230, 65535, 10240, 21084, 65535"
"0x17","0x1","0","Frieza (First Form) - First Form 1","240, 242, 31, 230, 5230, 65535, 10240, 21084, 65535"
"0x17","0x0","1","Frieza (First Form) - Battle Armor (Festival)","240, 246, 232, 593, 5230, 65535, 10240, 21084, 65535"
"0x17","0x0","0","Frieza (First Form) - Battle Armor 1","240, 596, 31, 230, 5230, 65535, 10240, 21084, 26610"
"0x17","0x3","0","Frieza (First Form) - Battle Armor 2","240, 246, 31, 592, 5230, 5013, 10240, 21084, 65535"
"0x17","0x0","50","Frieza (First Form) - 0","240, 246, 242, 31, 5230, 65535, 10240, 21084, 65535"
"0x18","0x3","0","Frieza (Final Form) - Final Form 3","247, 246, 231, 593, 5820, 5240, 10240, 21084, 25240"
"0x18","0x0","0","Frieza (Final Form) - Final Form 1","240, 246, 241, 593, 5240, 5241, 10240, 21084, 65535"
"0x18","0x0","50","Frieza (Final Form) - 0","240, 246, 244, 243, 5240, 5241, 10240, 21084, 65535"
"0x18","0x1","0","Frieza (Final Form) - Final Form 2","240, 242, 241, 593, 5240, 5050, 10240, 21084, 65535"
"0x19","0x0","0","Frieza (Final Form) (Full Power) - Full Power 1","246, 243, 244, 593, 5240, 5013, 10240, 21084, 65535"
"0x19","0x1","0","Frieza (Final Form) (Full Power) - Full Power 2","246, 243, 244, 593, 5242, 5243, 10240, 21084, 65535"
"0x1a","0xd","0","Trunks - Swim Trunks","270, 265, 261, 16, 5013, 5050, 10101, 21081, 25008"
"0x1a","0xb","0","Trunks (Future) - Capsule Corp. Clothes 5","270, 160, 261, 593, 5261, 5050, 10260, 21081, 27501"
"0x1a","0x0","0","Trunks - Long Coat 1","597, 265, 261, 593, 5260, 5013, 10101, 21081, 25860"
"0x1a","0x1","0","Trunks - Long Coat 2","270, 261, 262, 16, 5260, 5050, 10160, 21081, 25860"
"0x1a","0x2","0","Trunks (Future) - Capsule Corp. Clothes 1","260, 264, 262, 592, 5013, 5050, 10260, 21081, 25860"
"0x1a","0x5","0","Trunks (Future) - Capsule Corp. Clothes 2","270, 265, 262, 592, 5260, 5013, 10101, 21081, 25860"
"0x1a","0x6","0","Trunks (Future) - Battle Armor 1","260, 264, 261, 16, 5260, 5050, 10260, 21081, 25860"
"0x1a","0x7","0","Trunks (GT) - Jacket","0, 264, 422, 592, 5270, 5050, 10260, 21081, 25007"
"0x1a","0x9","0","Captain Ginyu - Trunks","222, 15, 32, 16, 5013, 65535, 10130, 21082, 65535"
"0x1a","0xc","0","Trunks - Supreme Kai's Clothes","264, 265, 262, 593, 5261, 5013, 10101, 21081, 25008"
"0x1b","0x0","0","Trunks (Youth) - Uniform","270, 272, 271, 591, 5013, 5270, 10050, 21081, 25007"
"0x1b","0x1","0","Trunks (Youth) - Green Parka","597, 272, 595, 16, 5050, 5270, 10160, 21081, 25007"
"0x1b","0x2","0","Trunks (Youth) - Yellow Hoodie","270, 596, 32, 591, 5050, 5013, 10050, 21081, 25007"
"0x1c","0x0","0","Android 17 - Favorite Clothing 2","1612, 281, 280, 1460, 5280, 5050, 10280, 21080, 65535"
"0x1c","0x1","0","Android 17 - Favorite Clothing 1","280, 1612, 282, 1460, 5280, 65535, 10280, 21080, 65535"
"0x1c","0x0","1","Android 17 - Favorite Clothing (Festival)","284, 281, 282, 1460, 5280, 5050, 10280, 21080, 65535"
"0x1d","0x0","0","Super 17 - Favorite Clothing","290, 292, 291, 16, 5290, 5013, 10130, 21080, 65535"
"0x1d","0x0","1","Super 17 - Favorite Clothing","290, 292, 291, 538, 5290, 5013, 10130, 21080, 65535"
"0x1e","0x0","0","Android 18 - Skirt Style 1","301, 302, 294, 16, 5050, 65535, 10300, 21081, 65535"
"0x1e","0x0","50","Android 18 - 0","301, 302, 300, 101, 5301, 65535, 10300, 21081, 65535"
"0x1e","0x1","0","Android 18 - Skirt Style 2","597, 596, 101, 16, 5301, 5050, 10300, 21081, 65535"
"0x1e","0x2","0","Android 18 - Pants Style 1","300, 302, 115, 16, 5013, 65535, 10340, 21081, 65535"
"0x1e","0x0","1","Android 18 - Skirt Style (Festival)","300, 303, 301, 593, 5301, 5013, 10300, 21081, 65535"
"0x1e","0x4","0","Android 18 - Pants Style 2","300, 302, 115, 16, 5302, 5013, 10340, 21081, 65535"
"0x1e","0x3","0","Android 18 - Island Style","597, 2830, 101, 16, 5301, 5050, 10300, 21081, 65535"
"0x1f","0x0","2","Perfect Cell - Perfect (Festival)","0, 310, 313, 593, 5090, 5013, 10310, 21081, 65535"
"0x1f","0x0","0","Perfect Cell - Perfect 1","0, 310, 311, 592, 5090, 5050, 10310, 21081, 65535"
"0x1f","0x0","50","Perfect Cell - 0","0, 310, 311, 240, 5090, 5230, 10310, 21081, 65535"
"0x1f","0x0","1","Perfect Cell - Perfect 2","240, 244, 123, 16, 5230, 5013, 10310, 21081, 65535"
"0x20","0x1","0","Super Perfect Cell - Full Power","0, 310, 312, 593, 5310, 5040, 10310, 21081, 65535"
"0x20","0x2","0","Super Perfect Cell - 2","533, 534, 312, 532, 5310, 65535, 10310, 21081, 65535"
"0x20","0x3","0","Super Perfect Cell - Full Power","533, 534, 312, 532, 5310, 65535, 10310, 21081, 65535"
"0x20","0x3","1","Super Perfect Cell - Full Power","539, 544, 312, 538, 5310, 6252, 10310, 21081, 65535"
"0x21","0x0","2","Cell Jr. - Cell Jr. 3","121, 596, 115, 592, 5013, 65535, 10331, 21081, 65535"
"0x21","0x0","0","Cell Jr. - Cell Jr. 1","0, 595, 330, 592, 5013, 65535, 10331, 21081, 65535"
"0x21","0x0","1","Cell Jr. - Cell Jr. 2","101, 596, 330, 592, 5050, 65535, 10101, 21081, 65535"
"0x22","0x6","0","Great Saiyaman 2 - Great Saiyaman Suit 2","590, 340, 14, 82, 5340, 65535, 10300, 20340, 65535"
"0x22","0x0","0","Videl - Training T-shirt","342, 341, 340, 591, 5340, 65535, 10341, 20340, 65535"
"0x22","0x1","0","Videl - Fight T-shirt","590, 596, 115, 591, 5340, 65535, 10341, 20340, 65535"
"0x22","0x2","0","Videl - Natade Village Traditional Costume 1","52, 595, 115, 591, 5013, 65535, 10341, 20340, 65535"
"0x22","0x3","0","Videl - Natade Village Traditional Costume 2","52, 341, 14, 591, 5050, 65535, 10341, 20340, 65535"
"0x22","0x4","0","Great Saiyaman 2 - Great Saiyaman Suit 1","590, 340, 14, 82, 5340, 65535, 10300, 20340, 65535"
"0x22","0x5","0","Videl - High School T-shirt","342, 340, 115, 591, 5340, 65535, 10340, 20340, 65535"
"0x22","0x0","1","Videl - Training T-shirt (Festival)","52, 342, 340, 593, 5340, 5050, 10343, 20340, 65535"
"0x23","0x0","0","Majin Buu - Good 1","370, 354, 350, 352, 5350, 5352, 10350, 21081, 65535"
"0x23","0x0","50","Majin Buu - 0","370, 354, 350, 352, 5350, 5352, 10350, 21081, 65535"
"0x23","0x0","2","Majin Buu - Good (Festival)","370, 354, 356, 593, 5350, 5352, 10350, 21081, 65535"
"0x23","0x0","1","Majin Buu - Good 2","0, 353, 351, 330, 5351, 5013, 10350, 21081, 65535"
"0x24","0x0","0","Super Buu - Evil 1","370, 362, 360, 593, 5360, 5013, 10360, 21082, 65535"
"0x24","0x0","1","Super Buu - Evil 2","370, 596, 361, 593, 5360, 5050, 10360, 21082, 65535"
"0x25","0x0","0","Kid Buu - Pure 1","370, 373, 371, 593, 5370, 5371, 10370, 21086, 65535"
"0x25","0x0","1","Kid Buu - Pure 2","370, 373, 371, 372, 5370, 5371, 10370, 21086, 65535"
"0x25","0x1","0","Kid Buu - 1","370, 534, 371, 532, 5370, 5371, 10370, 21086, 65535"
"0x25","0x2","0","Kid Buu - Pure","370, 534, 371, 532, 5370, 5371, 10370, 21086, 65535"
"0x25","0x2","1","Kid Buu - Pure","370, 543, 371, 538, 6252, 5371, 10370, 21086, 65535"
"0x26","0x0","1","Gotenks - Metamoran Clothes 2","380, 383, 382, 593, 5380, 5050, 10380, 21081, 25040"
"0x26","0x0","0","Gotenks - Metamoran Clothes 1","381, 596, 382, 593, 5380, 5050, 10101, 21081, 25040"
"0x26","0x0","50","Gotenks - 0","381, 596, 382, 593, 5380, 5050, 10101, 21081, 25040"
"0x26","0x0","2","Gotenks - Metamoran Clothes 3","380, 122, 110, 124, 5380, 5050, 10380, 21081, 25040"
"0x26","0x0","3","Gotenks - Metamoran Clothes (Festival)","383, 384, 382, 593, 5380, 5050, 10101, 21081, 25040"
"0x27","0x1","0","Vegito - Gi 4","392, 801, 160, 593, 5390, 5391, 10000, 21083, 25390"
"0x27","0x0","0","Vegito - Gi 1","392, 391, 20, 592, 5390, 5391, 10390, 21083, 25390"
"0x27","0x0","1","Vegito - Gi 2","0, 3, 5, 16, 5390, 5000, 10000, 21083, 25390"
"0x27","0x0","2","Vegito - Gi 3","390, 164, 162, 592, 5390, 5161, 10160, 21083, 25390"
"0x27","0x2","0","Vegito - Time Patroller Gi","1410, 1411, 0, 593, 5004, 5391, 10160, 21083, 25390"
"0x28","0x3","0","Broly (Legendary Super Saiyan 3) - Gi","400, 544, 402, 538, 5400, 65535, 10400, 20400, 65535"
"0x28","0x0","2","Broly (Legendary Super Saiyan) - Broly's Clothes (Festival)","400, 404, 402, 593, 5400, 5013, 10400, 20400, 65535"
"0x28","0x2","1","Broly (Legendary Super Saiyan) - Broly's Clothes","400, 544, 402, 538, 5400, 65535, 10400, 20400, 65535"
"0x28","0x1","0","Broly (Legendary Super Saiyan) - 1","533, 534, 402, 532, 5400, 65535, 10400, 20400, 65535"
"0x28","0x0","50","Broly (Legendary Super Saiyan) - 0","400, 401, 402, 592, 5400, 65535, 10400, 20400, 65535"
"0x28","0x0","0","Broly (Legendary Super Saiyan) - Broly's Clothes","400, 401, 402, 592, 5400, 65535, 10400, 20400, 65535"
"0x28","0x2","0","Broly (Legendary Super Saiyan) - Broly's Clothes","533, 534, 402, 532, 5400, 65535, 10400, 20400, 65535"
"0x29","0x0","0","God of Destruction Beerus - God of Destruction Beerus' Clothes 1","410, 411, 412, 16, 5410, 5013, 10410, 21081, 65535"
"0x29","0x0","50","God of Destruction Beerus - 0","410, 411, 412, 595, 5410, 5013, 10410, 21081, 65535"
"0x29","0x1","0","God of Destruction Beerus - God of Destruction Beerus' Clothes 1","410, 411, 20, 16, 5410, 5050, 10160, 21081, 65535"
"0x2a","0x0","0","Pan (GT) - Red T-shirt 1","0, 596, 420, 421, 5420, 5013, 10420, 21080, 65535"
"0x2a","0x0","50","Pan (GT) - 0","0, 340, 420, 421, 5420, 5000, 10420, 21080, 65535"
"0x2a","0x0","1","Pan (GT) - Red T-shirt 2","597, 340, 422, 16, 5340, 5000, 10420, 21080, 65535"
"0x2a","0x0","2","Pan (GT) - Red T-shirt (Festival)","597, 340, 423, 593, 5420, 5000, 10420, 21080, 65535"
"0x2c","0x0","0","Vegeta (Great Ape) - 0","440, 441, 442, 65535, 5440, 5441, 10440, 65535, 65535"
"0x2d","0x0","0","Bardock (Great Ape) - 0","440, 441, 442, 65535, 5440, 65535, 10440, 65535, 65535"
"0x2e","0x0","0","Baby (Great Ape) - 0","440, 441, 442, 65535, 5440, 65535, 10440, 65535, 65535"
"0x30","0x0","0","Eis Shenron - Eis Shenron","480, 482, 484, 593, 5480, 65535, 10480, 21081, 65535"
"0x31","0x0","0","Nuova Shenron - Nuova Shenron","490, 492, 494, 16, 5490, 65535, 10490, 21083, 65535"
"0x32","0x0","1","Omega Shenron - Omega Shenron 2","2780, 501, 502, 593, 7780, 65535, 10130, 21082, 65535"
"0x32","0x0","0","Omega Shenron - Omega Shenron 1","500, 501, 502, 593, 5500, 65535, 10130, 21082, 65535"
"0x32","0x1","1","Omega Shenron - Omega Shenron","500, 501, 544, 538, 5500, 65535, 10130, 21082, 65535"
"0x32","0x1","0","Omega Shenron - Omega Shenron","500, 534, 502, 532, 5500, 65535, 10130, 21082, 65535"
"0x33","0x0","0","Gogeta (GT) (Super Saiyan 4) - Metamoran Clothes 1","1544, 596, 511, 20, 5000, 5510, 10510, 21080, 65535"
"0x33","0x1","0","Gogeta (GT) (Super Saiyan 4) - Metamoran Clothes 2","510, 30, 1201, 593, 5000, 5510, 10510, 21082, 65535"
"0x34","0x1","1","Hercule - Gi (Festival)","520, 521, 523, 330, 5520, 65535, 10181, 20520, 65535"
"0x34","0x0","50","Hercule - 0","520, 521, 522, 330, 5520, 65535, 10181, 20520, 65535"
"0x34","0x0","0","Hercule - 0","520, 521, 522, 330, 5520, 65535, 10181, 20520, 65535"
"0x35","0x0","0","Demon God Demigra - Demon God's Clothes","530, 531, 534, 532, 5532, 65535, 65535, 65535, 65535"
"0x35","0x0","1","Demon God Demigra - Demon God Demigra","535, 536, 537, 538, 5535, 65535, 10650, 65535, 65535"
"0x36","0x0","0","Demon God Demigra (True Form) - 0","540, 541, 542, 65535, 5540, 65535, 10540, 65535, 65535"
"0x3a","0x0","0","Majin Buu (Small) - Small","350, 354, 330, 591, 65535, 65535, 10351, 21081, 65535"
"0x3b","0x3","0","Ramon - Battle Armor","52, 595, 31, 16, 5050, 65535, 10101, 21080, 65535"
"0x3b","0x4","0","Orlen - Battle Armor","597, 596, 115, 16, 5050, 65535, 10160, 21080, 65535"
"0x3b","0x2","0","Appule - Battle Armor","52, 595, 32, 591, 5050, 65535, 10341, 21080, 65535"
"0x3b","0x1","0","Roberry - Battle Armor","590, 164, 32, 591, 65535, 65535, 10340, 21080, 65535"
"0x3b","0x0","0","Nabana - Battle Armor","590, 164, 330, 124, 65535, 65535, 10340, 21080, 65535"
"0x3c","0x3","0","Guprei - Battle Armor","600, 595, 14, 591, 65535, 65535, 10340, 20600, 65535"
"0x3c","0x2","0","Monrei - Battle Armor","600, 595, 125, 124, 65535, 65535, 10340, 20600, 65535"
"0x3c","0x1","0","Navel - Battle Armor","600, 164, 14, 591, 65535, 65535, 10331, 20600, 65535"
"0x3c","0x0","0","Raspberry - Battle Armor","600, 164, 125, 124, 65535, 65535, 10331, 20600, 65535"
"0x3e","0x0","2","Mira - Time Breaker Clothing 3","370, 292, 621, 495, 5500, 5013, 10130, 21082, 65535"
"0x3e","0x0","3","Mira - Time Breaker Clothing 4","620, 622, 623, 593, 5620, 5013, 10310, 21082, 65535"
"0x3e","0x0","0","Mira - Time Breaker Clothing 1","240, 622, 151, 593, 5130, 5050, 10210, 21082, 65535"
"0x3e","0x1","0","Mira - Time Breaker Clothing","620, 534, 623, 532, 5620, 65535, 10310, 21082, 65535"
"0x3e","0x0","1","Mira - Time Breaker Clothing 2","620, 302, 312, 16, 5310, 5050, 10280, 21082, 65535"
"0x3e","0x1","1","Mira - Time Breaker Clothing","370, 622, 544, 538, 5620, 5013, 10310, 21082, 65535"
"0x3f","0xa","0","Towa - Swimsuit","635, 636, 533, 637, 5635, 65535, 10635, 20630, 65535"
"0x3f","0x1","0","Towa - Lab Coat","635, 636, 533, 637, 5635, 65535, 10635, 20630, 65535"
"0x3f","0x0","0","Towa - Time Breaker Clothing","630, 631, 533, 632, 5630, 65535, 10630, 20630, 65535"
"0x40","0x0","0","Supreme Kai - Supreme Kai's Clothes 1","641, 640, 652, 642, 5640, 5013, 10331, 21081, 65535"
"0x40","0x1","0","Supreme Kai - Supreme Kai's Clothes 2","641, 640, 81, 642, 5640, 5050, 10331, 21081, 65535"
"0x41","0x0","50","Whis - 0","650, 651, 653, 65535, 5650, 65535, 10650, 20650, 65535"
"0x41","0x0","0","Whis - God of Destruction's Attendant Clothes","650, 651, 653, 65535, 5650, 65535, 10650, 20650, 65535"
"0x43","0x0","50","Jaco - 0","670, 671, 672, 65535, 5670, 65535, 10670, 20520, 65535"
"0x43","0x0","0","Jaco - Galactic Patrolman Suit","670, 671, 672, 65535, 5670, 65535, 10670, 20520, 65535"
"0x45","0x3","0","Vegeta (Ultra Ego) - Battle Armor 3","1531, 690, 1532, 693, 5690, 5692, 10690, 21082, 65535"
"0x45","0x2","0","Vegeta (Ultra Ego) - Training Suit","691, 161, 692, 693, 5690, 5692, 10101, 21082, 65535"
"0x45","0x1","0","Vegeta (Ultra Ego) - Battle Armor 2","691, 690, 160, 693, 5690, 5813, 10130, 21082, 65535"
"0x45","0x4","0","Vegeta (Ultra Ego) - Whis Symbol Battle Armor","1572, 690, 692, 693, 5690, 5813, 10690, 21082, 65535"
"0x45","0x0","0","Vegeta (Ultra Ego) - Battle Armor 1","691, 690, 692, 693, 5690, 5692, 10690, 21082, 65535"
"0x49","0x0","1","Hercule - Gi 2","730, 731, 544, 538, 5730, 5013, 10130, 21084, 65535"
"0x49","0x0","0","Hercule - 0","533, 164, 370, 593, 5531, 5050, 10130, 65535, 65535"
"0x4a","0x0","0","Nappa (Great Ape) - 0","440, 441, 442, 65535, 5440, 65535, 10440, 65535, 65535"
"0x4b","0x0","0","Imperfect Cell - First Form","751, 101, 123, 750, 5750, 5013, 10340, 20750, 65535"
"0x50","0x1","0","Goku (Super Saiyan Blue) - Whis Symbol Gi 2","0, 2, 5, 593, 5000, 5800, 10000, 21080, 25800"
"0x50","0x2","0","Goku (Super Saiyan Blue) - Turtle Gi 1","801, 596, 32, 593, 5000, 5800, 10101, 21081, 65535"
"0x50","0x3","0","Goku (Super Saiyan Blue) - Turtle Gi 2","801, 2, 164, 593, 5000, 5800, 10000, 21081, 25800"
"0x50","0x6","0","Goku (Super Saiyan Blue) - Turtle Gi 3","801, 2, 20, 593, 5100, 5800, 10000, 21081, 25800"
"0x50","0x7","0","Goku (Super Saiyan Blue) - Turtle Gi 4","595, 2, 0, 593, 5000, 5800, 10101, 21081, 65535"
"0x50","0x8","0","Goku (Super Saiyan Blue) - Turtle Gi 5","0, 2, 802, 16, 5000, 5007, 10101, 21080, 65535"
"0x50","0x9","0","Goku (Super Saiyan Blue) - Capsule Corp. Gi 1","801, 1101, 5, 16, 5000, 5007, 10000, 21080, 25800"
"0x50","0xa","0","Goku (Super Saiyan Blue) - Capsule Corp. Gi 2","0, 1101, 2570, 593, 5000, 5800, 10331, 21080, 25800"
"0x50","0x0","0","Goku (Super Saiyan Blue) - Whis Symbol Gi 1","801, 800, 5, 16, 5000, 5800, 10000, 21080, 65535"
"0x51","0x0","0","Vegeta (Super Saiyan Blue) - Whis Symbol Battle Armor","390, 810, 811, 593, 5813, 5161, 10160, 21081, 65535"
"0x51","0x1","0","Vegeta (Super Saiyan Blue) - Battle Armor 1","160, 813, 812, 593, 5813, 5161, 10101, 21080, 65535"
"0x51","0x2","0","Vegeta (Super Saiyan Blue) - Battle Armor 2","1586, 164, 812, 593, 5813, 5161, 10101, 21080, 65535"
"0x51","0x4","0","Vegeta (Super Saiyan Blue) - Battle Armor 4","1586, 164, 812, 593, 5813, 5161, 10101, 21080, 65535"
"0x51","0x3","0","Vegeta (Super Saiyan Blue) - Battle Armor 3","160, 164, 161, 593, 5813, 5161, 10101, 21080, 65535"
"0x51","0x6","0","Vegeta (Super Saiyan Blue) - Capsule Corp. Battle Armor 2","596, 162, 2032, 593, 5691, 5161, 10101, 21080, 65535"
"0x51","0x5","0","Vegeta (Super Saiyan Blue) - Capsule Corp. Battle Armor 1","596, 2030, 812, 593, 5691, 5161, 10101, 21080, 65535"
"0x52","0x0","0","Golden Frieza - Golden Frieza","247, 820, 821, 593, 5821, 5243, 10240, 21084, 65535"
"0x52","0x1","0","Golden Frieza - Golden Frieza","240, 820, 533, 532, 5821, 5243, 10240, 21084, 65535"
"0x52","0x1","1","Golden Frieza - Golden Frieza","240, 820, 544, 538, 5821, 6252, 10240, 21084, 65535"
"0x53","0x0","2","Android 16 - Red Ribbon Army Suit (Festival)","830, 833, 835, 593, 5830, 5011, 10280, 20830, 65535"
"0x53","0x0","50","Android 16 - 0","830, 833, 831, 832, 5830, 5011, 10280, 20830, 65535"
"0x53","0x0","0","Android 16 - Red Ribbon Army Suit","830, 833, 831, 832, 5830, 5011, 10280, 20830, 65535"
"0x53","0x0","1","Android 16 - Red Ribbon Army Suit","830, 544, 831, 538, 5830, 5011, 10280, 20830, 65535"
"0x54","0x0","0","Metal Cooler - Metal Cooler","240, 840, 841, 592, 5850, 5013, 10840, 21084, 65535"
"0x54","0x1","0","Cooler - Fourth Form","240, 164, 841, 592, 5850, 5013, 10840, 21084, 65535"
"0x54","0x2","0","Metal Cooler - Metal Cooler","240, 534, 841, 532, 5850, 5013, 10840, 21084, 65535"
"0x54","0x2","1","Metal Cooler - Metal Cooler","240, 537, 841, 538, 6252, 5013, 10840, 21084, 65535"
"0x55","0x0","0","Cooler (Final Form) - Final Form","240, 243, 850, 16, 5850, 5013, 10850, 21082, 65535"
"0x55","0x0","50","Cooler (Final Form) - 0","240, 243, 850, 840, 5850, 5013, 10850, 21082, 65535"
"0x56","0x0","50","Gohan (Future) - 0","861, 860, 862, 592, 5860, 5013, 10860, 20860, 25860"
"0x56","0x0","0","Gohan (Future) - Turtle Style Gi","861, 860, 862, 592, 5860, 5013, 10860, 20860, 25860"
"0x57","0x2","0","Turles - Battle Armor 2","872, 164, 870, 593, 5870, 5050, 10130, 21082, 65535"
"0x57","0x3","0","Turles - Battle Armor 3","872, 164, 152, 871, 5870, 5050, 10130, 21082, 65535"
"0x57","0x0","0","Turles - Battle Armor 1","872, 164, 870, 871, 5870, 5013, 10130, 21082, 65535"
"0x57","0x0","50","Turles - 0","872, 164, 870, 871, 5870, 5013, 10130, 21082, 65535"
"0x57","0x0","50","Turles - 0","872, 164, 870, 538, 5870, 5013, 10130, 21082, 65535"
"0x58","0x0","50","Super Janemba - 0","880, 164, 881, 593, 5880, 5013, 10370, 21083, 65535"
"0x64","0x0","0","HUM - Current Clothing","0, 100, 342, 4, 5000, 65535, 10000, 21080, 25001"
"0x64","0x0","1","HUM - 0","65535, 65535, 65535, 65535, 65535, 65535, 65535, 65535, 25001"
"0x64","0x0","2","HUM - 0","65534, 65534, 65534, 65534, 4998, 4998, 9998, 21091, 24998"
"0x65","0x0","2","HUF - 0","65534, 65534, 65534, 65534, 4998, 4998, 9998, 21091, 24998"
"0x65","0x0","0","HUF - 0","340, 341, 302, 5, 5101, 65535, 10101, 21080, 25001"
"0x65","0x0","1","HUF - 0","65535, 65535, 65535, 65535, 65535, 65535, 65535, 65535, 25001"
"0x66","0x0","0","SYM - 0","160, 162, 163, 593, 5161, 5170, 10160, 21081, 25000"
"0x66","0x0","2","SYM - 0","65534, 65534, 65534, 65534, 4998, 4998, 9998, 21091, 24998"
"0x67","0x0","0","SYF - 0","300, 301, 302, 5, 5301, 65535, 10300, 21081, 25000"
"0x67","0x0","2","SYF - 0","65534, 65534, 65534, 65534, 4998, 4998, 9998, 21091, 24998"
"0x68","0x0","2","NMC - 0","65534, 65534, 65534, 65534, 4998, 4998, 9998, 21091, 24998"
"0x68","0x0","0","NMC - 0","90, 92, 91, 65535, 5090, 5091, 10001, 21082, 25002"
"0x68","0x0","1","NMC - 0","1213, 1214, 1215, 1216, 65535, 65535, 65535, 65535, 25002"
"0x69","0x0","0","FRI - 0","240, 243, 245, 591, 5240, 5241, 10240, 21084, 25003"
"0x69","0x0","2","FRI - 0","65534, 65534, 65534, 65534, 4998, 4998, 9998, 21091, 24998"
"0x69","0x0","1","FRI - 0","65534, 65534, 65534, 65534, 4998, 4998, 9998, 21085, 25003"
"0x6a","0x0","0","MAM - 0","350, 352, 353, 65535, 5350, 65535, 10350, 21084, 25004"
"0x6a","0x0","1","MAM - 0","371, 373, 372, 593, 5370, 5371, 10370, 21086, 25004"
"0x6a","0x0","2","MAM - 0","65534, 65534, 65534, 65534, 4998, 4998, 9998, 21091, 24998"
"0x6b","0x0","0","MAF - 0","373, 371, 372, 65535, 5370, 5371, 10370, 21084, 25004"
"0x6b","0x0","1","MAF - 0","371, 373, 372, 593, 5370, 5371, 10370, 21086, 25004"
"0x6b","0x0","2","MAF - 0","65534, 65534, 65534, 65534, 4998, 4998, 9998, 21091, 24998"
"0x6c","0x0","0","MAP - 0","65535, 65535, 65535, 65535, 65535, 65535, 65535, 21086, 65535"
"0x6e","0x0","1","Majuub - 0","1102, 1103, 1104, 1105, 6100, 6101, 11100, 21084, 65535"
"0x6e","0xa","0","Majuub - Kid Outfit","1102, 1103, 1104, 1105, 6100, 6101, 11100, 21084, 65535"
"0x6e","0x0","0","Majuub - Majuub's Clothes","1100, 1101, 0, 593, 6100, 5000, 11100, 21084, 65535"
"0x6f","0x0","0","Android 21 - Lab Coat 1","1110, 1111, 1112, 1113, 6110, 6111, 11110, 21110, 65535"
"0x6f","0x0","1","Android 21 - Lab Coat","539, 1111, 1112, 1113, 6110, 6111, 11110, 21110, 65535"
"0x6f","0x3","0","Android 21 - Dress","1110, 1111, 1112, 593, 6110, 6111, 11110, 21110, 65535"
"0x6f","0x2","0","Android 21 - Lab Coat 2","1110, 1111, 1112, 593, 5050, 6111, 11110, 21110, 65535"
"0x70","0x1","0","Supreme Kai of Time - Supreme Kai of Time's Clothes (Christmas)","1120, 1121, 1122, 1123, 6120, 6121, 11120, 21120, 65535"
"0x70","0x0","0","Supreme Kai of Time - Supreme Kai of Time's Clothes","1120, 1121, 1122, 1123, 6120, 6121, 11120, 21120, 65535"
"0x71","0x0","0","Pikkon - Pikkon's Clothes 1","1130, 1131, 597, 593, 6130, 5092, 10160, 21083, 65535"
"0x71","0x1","0","Pikkon - Pikkon's Clothes 2","1130, 1131, 164, 593, 6130, 5013, 10160, 21083, 65535"
"0x71","0x2","0","Pikkon - Pikkon's Clothes 3","1130, 1131, 596, 593, 6130, 6240, 10160, 21083, 65535"
"0x72","0x0","2","Toppo (God of Destruction) - Pride Trooper Uniform","1140, 1141, 544, 538, 6492, 6140, 10130, 21140, 65535"
"0x72","0x0","0","Toppo (God of Destruction) - Pride Trooper Uniform 1","1140, 1141, 154, 593, 6140, 5015, 10130, 21140, 65535"
"0x72","0x0","1","Toppo (God of Destruction) - Pride Trooper Uniform 2","1140, 1141, 154, 598, 6492, 5015, 10130, 21140, 65535"
"0x73","0x0","2","Jiren (Full Power) - Pride Trooper Uniform (Festival)","1151, 1492, 1153, 593, 6150, 6493, 11150, 21080, 65535"
"0x73","0x0","0","Jiren (Full Power) - Pride Trooper Uniform","1151, 1492, 1152, 593, 6150, 6493, 11150, 21080, 65535"
"0x73","0x0","1","Jiren (Full Power) - Pride Trooper Uniform","1151, 1492, 539, 538, 6150, 6493, 11150, 21080, 65535"
"0x74","0x0","0","Gogeta (Super) - Metamoran Clothes","1160, 1202, 1201, 163, 6160, 5800, 10510, 21081, 26160"
"0x74","0x0","1","Gogeta (Super) - Metamoran Clothes 2","1160, 1202, 1201, 1161, 6160, 5800, 10510, 21081, 26160"
"0x75","0x0","0","Caulifla - Caulifla's Clothes","1170, 1171, 1522, 593, 6170, 6341, 10160, 21081, 26170"
"0x76","0x0","0","Kale (Super Saiyan 2) - Kale's Clothes","1180, 1181, 1554, 593, 6180, 5402, 11520, 21180, 65535"
"0x78","0x2","0","Gogeta (Super Saiyan) - Metamoran Clothes 4","510, 1201, 511, 593, 6200, 5000, 10160, 21080, 65535"
"0x78","0x0","1","Gogeta (Super Saiyan) - Metamoran Clothes 3","81, 1201, 1200, 593, 6200, 5000, 10160, 21080, 26200"
"0x78","0x0","0","Gogeta (Super Saiyan) - Metamoran Clothes 1","81, 1201, 1200, 593, 6200, 5000, 10160, 21080, 65535"
"0x79","0x0","0","Lord Slug - Evil Namekian Clothes 1","1211, 1212, 1210, 596, 6210, 65535, 10130, 21083, 65535"
"0x79","0x0","1","Lord Slug - Evil Namekian Clothes","1211, 545, 1210, 538, 6210, 65535, 10130, 21083, 65535"
"0x79","0x1","0","Lord Slug - Evil Namekian Clothes 2","1211, 1212, 1210, 593, 6210, 5013, 10130, 21083, 65535"
"0x79","0x0","50","Lord Slug - 0","1211, 1212, 1210, 596, 6210, 65535, 10130, 21083, 65535"
"0x7a","0x0","0","Zarbon - Battle Armor 1","1612, 1220, 1221, 591, 6220, 65535, 11220, 21080, 26611"
"0x7a","0x0","50","Zarbon - 0","1612, 1220, 1221, 594, 6220, 65535, 11220, 21080, 65535"
"0x7a","0x1","0","Zarbon - Battle Armor 2","1612, 1220, 1221, 591, 6220, 65535, 11220, 21080, 65535"
"0x7b","0x0","0","Dodoria - Battle Armor 1","1231, 1230, 1232, 591, 6230, 65535, 10130, 21081, 65535"
"0x7b","0x1","0","Dodoria - Battle Armor 2","1231, 1230, 1233, 591, 6230, 65535, 10130, 21081, 65535"
"0x7b","0x0","50","Dodoria - 0","1231, 1230, 1232, 597, 6230, 65535, 10130, 21081, 65535"
"0x7c","0x1","0","Nail - Namekian Clothes 2","164, 92, 1240, 593, 6240, 5013, 10090, 21080, 65535"
"0x7c","0x0","0","Nail - Namekian Clothes 1","1212, 92, 1240, 593, 6240, 5013, 10090, 21080, 65535"
"0x7d","0x0","1","Mira (Towa Absorbed) - Mira (Final Form)","620, 537, 544, 1252, 5620, 65535, 10310, 21080, 65535"
"0x7d","0x0","0","Mira (Towa Absorbed) - Towa Absorbed","1250, 1251, 1257, 1252, 65535, 65535, 10130, 21080, 65535"
"0x7e","0x0","0","Hit - Suit 1","1260, 164, 623, 593, 6260, 65535, 10331, 21260, 65535"
"0x7e","0x0","50","Hit - 0","1260, 164, 623, 593, 6260, 65535, 10331, 21260, 65535"
"0x7e","0x0","1","Hit - Suit (Festival)","1350, 1261, 1352, 593, 6260, 65535, 11350, 21260, 65535"
"0x82","0x0","0","Super Janemba - Janemba","880, 534, 881, 532, 5880, 5013, 10370, 21083, 65535"
"0x82","0x0","1","Super Janemba - Janemba","880, 545, 544, 538, 5880, 5013, 10370, 21083, 65535"
"0x83","0x1","0","Goku Black - Dark Gi 2","1310, 30, 81, 593, 6310, 5013, 10130, 21082, 25007"
"0x83","0x0","0","Goku Black - Dark Gi 1","1310, 594, 31, 592, 6310, 65535, 10130, 21082, 65535"
"0x84","0x5","0","Trunks (Super) - Supreme Kai's Clothes","264, 265, 262, 593, 5260, 5013, 10101, 21081, 25008"
"0x84","0x6","0","Trunks (Super) - Capsule Corp. Clothes 4","62, 265, 1320, 592, 6320, 5013, 10101, 21081, 25070"
"0x84","0x3","0","Trunks (Super) - Capsule Corp. Clothes 3","62, 264, 123, 593, 5810, 6321, 10101, 21081, 25070"
"0x84","0x1","0","Trunks (Super) - Green Sweater","160, 264, 62, 593, 5161, 6320, 10340, 21081, 25070"
"0x84","0x0","1","Trunks (Super) - Capsule Corp. Clothes 2","160, 260, 390, 593, 5161, 6320, 10260, 21081, 25070"
"0x84","0x0","0","Trunks (Super) - Capsule Corp. Clothes 1","62, 265, 1320, 592, 6320, 5013, 10101, 21081, 25070"
"0x85","0x1","0","Frost (Final Form) - Final Form 2","1330, 596, 623, 593, 6330, 5050, 10130, 21084, 65535"
"0x85","0x0","0","Frost (Final Form) - Final Form 1","1330, 594, 32, 592, 6330, 5013, 10160, 21080, 65535"
"0x86","0x1","0","Cabba - Battle Armor 2 (Planet Sadala)","1340, 164, 15, 593, 6340, 5810, 10331, 21081, 25008"
"0x86","0x0","0","Cabba - Battle Armor (Planet Sadala)","1340, 164, 15, 592, 6340, 5050, 10331, 21081, 25007"
"0x86","0x0","1","Cabba - Battle Armor (Festival)","1340, 1341, 15, 593, 6340, 5050, 10331, 21081, 25007"
"0x87","0x0","0","Hit (Awoken) - Suit 2","1350, 1351, 1352, 593, 6260, 65535, 11350, 21350, 26350"
"0x88","0x0","0","Vados - God of Destruction's Aide's Garb","1360, 1361, 1362, 1363, 6360, 65535, 10650, 21360, 65535"
"0x89","0x0","0","God of Destruction Champa - God of Destruction Champa's Clothes 1","1370, 164, 52, 593, 6370, 5013, 10160, 21082, 65535"
"0x8a","0x0","1","Zamasu - Supreme Kai's Clothes (Festival)","1380, 1381, 31, 593, 6383, 5013, 10331, 21080, 65535"
"0x8a","0x2","0","Captain Ginyu - 2","65535, 65535, 65535, 65535, 65535, 65535, 65535, 21082, 65535"
"0x8a","0x1","0","Zamasu (Goku) - 1","65535, 65535, 65535, 65535, 65535, 65535, 65535, 21080, 65535"
"0x8a","0x0","0","Zamasu - Supreme Kai's Clothes","1380, 1381, 31, 592, 6380, 65535, 10331, 21080, 65535"
"0x8a","0x0","50","Zamasu - 0","1380, 1381, 31, 592, 6380, 65535, 10331, 21080, 65535"
"0x8b","0x2","0","Captain Ginyu - Goku Black","222, 224, 221, 220, 5220, 5013, 10130, 21082, 65535"
"0x8b","0x0","0","Goku Black (Super Saiyan Rosé) - Dark Gi","1391, 1392, 5, 593, 6390, 6391, 10130, 21080, 65535"
"0x8b","0x0","1","Goku Black (Super Saiyan Rosé) - Dark Gi (Festival)","1393, 1392, 5, 593, 6390, 6391, 10130, 21080, 65535"
"0x8c","0x0","0","Bojack - Galactic Warrior's Clothes 1","1400, 1401, 1402, 593, 6400, 65535, 10331, 21082, 65535"
"0x8c","0x0","50","Bojack - 0","1400, 1401, 1402, 593, 6400, 65535, 10331, 21082, 65535"
"0x8c","0x0","1","Bojack - Galactic Warrior's Clothes 2","1400, 1401, 2821, 593, 7822, 7820, 12820, 21082, 65535"
"0x8d","0x1","0","Vegito (Super Saiyan Blue) - Gi 3","1410, 160, 0, 593, 5391, 5390, 10390, 21080, 25800"
"0x8d","0x0","0","Vegito (Super Saiyan Blue) - Gi 1","1410, 1411, 596, 593, 5391, 5390, 10390, 21080, 65535"
"0x8d","0x0","1","Vegito (Super Saiyan Blue) - Gi 2","1410, 1411, 801, 593, 5800, 5390, 10390, 21080, 25800"
"0x8e","0x0","1","Fused Zamasu - Supreme Kai's Clothes (Dark)","1420, 1421, 1422, 1423, 6421, 65535, 10130, 21080, 65535"
"0x8e","0x0","0","Fused Zamasu - Supreme Kai's Clothes (Dark)","1420, 1421, 1422, 1423, 6421, 65535, 10130, 21080, 65535"
"0x8f","0x0","0","Fused Zamasu (Half-Corrupted) - Supreme Kai's Clothes (Black)","1430, 1431, 1432, 1433, 65535, 65535, 11430, 65535, 65535"
"0x8f","0x0","1","Fused Zamasu (Half-Corrupted) - Supreme Kai's Clothes (Dark)","1430, 1431, 1432, 1433, 65535, 65535, 11430, 65535, 65535"
"0x90","0x0","0","Super Buu (Gohan Absorbed) - Gohan Absorbed","0, 1441, 1440, 593, 6440, 65535, 10091, 21080, 65535"
"0x90","0x0","1","Super Buu (Gohan Absorbed) - Gohan Absorbed","0, 544, 1440, 538, 6440, 65535, 10091, 21080, 65535"
"0x91","0x0","1","Dabura - King of the Demon Realm's Clothes","1451, 545, 1450, 538, 6450, 5013, 10130, 21083, 65535"
"0x91","0x0","0","Dabura - King of the Demon Realm's Clothes 1","1451, 164, 1450, 592, 6450, 5013, 10130, 21083, 65535"
"0x91","0x0","2","Dabura - King of the Demon Realm's Clothes (Festival)","1451, 1452, 1450, 593, 6450, 5013, 10130, 21083, 65535"
"0x91","0x1","0","Dabura - King of the Demon Realm's Clothes 3","1451, 623, 1450, 592, 6450, 5013, 10130, 21083, 65535"
"0x92","0x1","0","Android 13 - Android Clothes 2","1461, 164, 1460, 593, 6460, 5013, 10331, 21082, 65535"
"0x92","0x0","0","Android 13 - Android Clothes 1","1461, 596, 1460, 592, 6460, 5013, 10331, 21082, 65535"
"0x92","0x0","1","Android 13 - Android Clothes","1461, 596, 539, 538, 6460, 5013, 10331, 21082, 65535"
"0x93","0x0","0","Tapion - Hero's Clothes","1471, 1470, 115, 592, 6470, 5050, 10340, 21080, 65535"
"0x94","0x0","0","Android 17 (Super) - Ranger's Clothes 1","280, 1480, 115, 593, 5280, 5050, 10280, 21080, 65535"
"0x94","0x1","0","Android 17 (Super) - Ranger's Clothes 2","280, 1480, 1481, 593, 5280, 5050, 10280, 21591, 65535"
"0x95","0x1","0","Jiren - Pride Trooper Uniform 2","1490, 596, 1151, 598, 6495, 5013, 10341, 21590, 65535"
"0x95","0x0","1","Jiren - Pride Trooper Uniform","1492, 596, 544, 538, 6491, 5013, 10341, 21080, 65535"
"0x95","0x0","0","Jiren - Pride Trooper Uniform 1","1490, 596, 1491, 593, 6490, 5013, 10341, 21080, 65535"
"0x96","0x0","0","Fu - Scientist's Clothes","1500, 1501, 1502, 16, 6500, 5050, 10340, 21083, 65535"
"0x97","0x3","0","Goku (Ultra Instinct) - Turtle Gi 4","2011, 2010, 1510, 1511, 6510, 7010, 12010, 21510, 65535"
"0x97","0x0","0","Goku (Ultra Instinct) - Turtle Gi 1","1512, 1513, 1510, 1511, 6510, 6511, 11510, 21510, 65535"
"0x97","0x0","1","Goku (Ultra Instinct) - Turtle Gi 2","1514, 1513, 1510, 1511, 6510, 6511, 11510, 21510, 65535"
"0x97","0x0","2","Goku (Ultra Instinct) - Turtle Gi 3","1514, 1513, 2011, 1511, 6510, 7010, 12010, 21510, 65535"
"0x97","0x2","0","Goku (Ultra Instinct) - Whis Symbol Gi","2011, 2010, 1510, 1511, 6510, 7010, 12010, 21510, 65535"
"0x98","0x0","1","Kefla - Kefla's Clothes (Festival)","1523, 1521, 1522, 593, 6520, 5013, 11520, 21080, 26520"
"0x98","0x0","0","Kefla - Kefla's Clothes","1520, 1521, 1522, 593, 6520, 5013, 11520, 21080, 26520"
"0x99","0x0","1","Super Baby Vegeta 2 - Super Baby 2's Clothes","545, 1531, 1532, 538, 6530, 5013, 10130, 21081, 65535"
"0x99","0x0","0","Super Baby Vegeta 2 - Super Baby 2's Clothes","1530, 1531, 1532, 593, 6530, 5013, 10130, 21081, 65535"
"0x9a","0x0","2","Gogeta (Super Saiyan Blue) - Metamoran Clothes (Festival)","1540, 1160, 1541, 593, 6540, 6542, 10510, 21081, 65535"
"0x9a","0x0","1","Gogeta (Super Saiyan Blue) - Metamoran Clothes 2","1544, 1543, 1540, 593, 6540, 5510, 10160, 21081, 65535"
"0x9a","0x0","0","Gogeta (Super Saiyan Blue) - Metamoran Clothes 1","1540, 1543, 1541, 1542, 6540, 6541, 10510, 21081, 65535"
"0x9b","0x0","1","Broly (Full Power) (Super Saiyan) - Battle Armor","1550, 1551, 544, 538, 6550, 5400, 11550, 21550, 65535"
"0x9b","0x3","0","Broly (Full Power) (Super Saiyan) - Battle Armor 2","1550, 1551, 1552, 598, 6550, 5402, 11550, 21550, 65535"
"0x9b","0x0","0","Broly (Full Power) (Super Saiyan) - Battle Armor 1","1550, 1551, 1552, 593, 6550, 5400, 11550, 21550, 65535"
"0x9c","0x0","1","Ribrianne - Ribrianne's Clothes 2","1560, 1562, 1565, 1564, 6560, 6561, 11560, 21560, 65535"
"0x9c","0x0","0","Ribrianne - Ribrianne's Clothes","1560, 1562, 1563, 1564, 6560, 6561, 11560, 21560, 65535"
"0x9d","0x0","0","Vegeta (Super Saiyan Blue Evolution) - Battle Armor 1","1570, 1571, 1572, 1573, 6572, 6570, 11570, 21081, 65535"
"0x9d","0x1","0","Vegeta (Super Saiyan Blue Evolution) - Battle Armor 2","1570, 1571, 1572, 1573, 5810, 6570, 11570, 21081, 65535"
"0x9e","0x0","0","Vegeta (Super Saiyan God) - Battle Armor","1580, 1581, 1582, 599, 6580, 5810, 10160, 21081, 65535"
"0xc9","0x0","1","Goku (Ultra Instinct -Sign-) - Turtle Gi (Festival)","2011, 2010, 2012, 1511, 7010, 6511, 11510, 21510, 65535"
"0xc9","0x0","0","Goku (Ultra Instinct -Sign-) - Turtle Gi 1","2011, 2010, 1514, 1511, 7010, 6511, 12010, 21510, 65535"
"0xc9","0x1","0","Goku (Ultra Instinct -Sign-) - Whis Symbol Gi","2011, 2010, 1514, 1511, 7010, 6511, 12010, 21510, 65535"
"0xc9","0x3","0","Goku (Ultra Instinct -Sign-) - Turtle Gi 3","2011, 2010, 1514, 1511, 7010, 6511, 12010, 21510, 65535"
"0xca","0x0","2","Dyspo - Pride Trooper Uniform (Festival)","2022, 2021, 97, 593, 7020, 5050, 10190, 21081, 27020"
"0xca","0x0","1","Dyspo - Pride Trooper Uniform","2020, 2021, 97, 593, 7020, 5050, 10190, 21081, 65535"
"0xca","0x0","0","Dyspo - Pride Trooper Uniform","2020, 2021, 97, 593, 7020, 5050, 10190, 21081, 27020"
"0xcb","0x2","0","Vegeta (GT) - Swim Trunks","2030, 2031, 2032, 599, 5170, 5812, 10160, 21081, 65535"
"0xcb","0x1","0","Vegeta (GT) - Street Clothes 2","2030, 2031, 2032, 599, 5170, 5812, 10160, 21081, 25161"
"0xcb","0x0","0","Vegeta (GT) - Street Clothes 1","2030, 2031, 2032, 599, 5170, 5812, 10160, 21081, 25161"
"0xcc","0x0","0","Semi-Perfect Cell - Second Form","2041, 2040, 160, 123, 7040, 5240, 10310, 21080, 65535"
"0xce","0x0","1","Gamma 1 - Gamma 1's Clothes 2","2062, 2060, 834, 593, 7060, 6325, 10331, 22060, 65535"
"0xce","0x0","0","Gamma 1 - Gamma 1's Clothes 1","2061, 2060, 834, 593, 7060, 6325, 10331, 22060, 65535"
"0xce","0x0","2","Gamma 1 - Gamma 1's Clothes 3","2061, 2060, 2063, 593, 7060, 6325, 10331, 22060, 65535"
"0xcf","0x0","0","Gamma 2 - Gamma 2's Clothes","2071, 2070, 2072, 593, 7070, 5271, 10331, 22070, 65535"
"0xcf","0x0","1","Gamma 2 - Gamma 2's Clothes 2","2074, 2070, 2072, 593, 7070, 5271, 10331, 22070, 65535"
"0xd0","0x0","0","Gohan (Super) - Demon Clothes","2080, 2081, 2082, 593, 7080, 7081, 12080, 21083, 27080"
"0xd1","0x0","0","Gohan (Beast) - Demon Clothes 1","2090, 2092, 2091, 2093, 7090, 5092, 12090, 21080, 65535"
"0xd1","0x4","0","Gohan (Beast) - Demon Clothes 5","2103, 2092, 2091, 593, 7090, 5092, 10091, 21080, 65535"
"0xd1","0x0","1","Gohan (Beast) - Demon Clothes 2","2094, 2092, 2091, 2093, 7090, 5092, 12090, 21080, 65535"
"0xd1","0x0","2","Gohan (Beast) - Demon Clothes 3","2090, 2092, 2091, 2093, 7091, 7080, 10000, 21080, 65535"
"0xd1","0x1","0","Gohan (Beast) - Demon Clothes 4","2103, 2092, 2091, 593, 7090, 5092, 10091, 21080, 65535"
"0xd1","0x2","0","Gohan (Beast) - Turtle Gi","2090, 2092, 801, 593, 7090, 5092, 12080, 21080, 65535"
"0xd1","0x3","0","Gohan (Beast) - Great Saiyaman Suit","2090, 342, 2091, 82, 7090, 5092, 10341, 21080, 65535"
"0xd2","0x0","0","Piccolo (Super) - Demon Clothes 1","2100, 2101, 596, 593, 7101, 7100, 12100, 21083, 27100"
"0xd2","0x0","1","Piccolo (Super) - Demon Clothes 2","2102, 2101, 2104, 593, 7101, 7100, 12100, 21083, 27100"
"0xd3","0x0","0","Orange Piccolo - Demon Clothes 1","2110, 861, 2111, 593, 7110, 5013, 10091, 21082, 65535"
"0xd3","0x1","0","Orange Piccolo - Demon Clothes 2","2110, 861, 2111, 593, 7110, 5013, 10091, 21082, 65535"
"0xd4","0x0","0","Cell Max - 0","2120, 2121, 65535, 65535, 7120, 65535, 12122, 65535, 65535"
"0xd5","0x0","0","Android 18 (Super) - Tracksuit 1","2130, 2131, 302, 593, 7130, 5301, 10300, 21080, 65535"
"0xd5","0x0","1","Android 18 (Super) - Tracksuit 2","2830, 2131, 302, 599, 5280, 5013, 10341, 21080, 65535"
"0xd6","0x2","0","Videl (Super) - Casual Clothes","2140, 0, 2142, 599, 7140, 5013, 10420, 21083, 65535"
"0xd6","0x0","1","Videl (Super) - Videl (DB Super)'s Clothes 2","2140, 2141, 2143, 593, 7140, 5340, 10050, 21083, 65535"
"0xd6","0x0","0","Videl (Super) - Dress","2140, 2141, 2142, 593, 7140, 5340, 10050, 21083, 65535"
"0xd7","0x0","0","Cell Max - 0","65535, 2121, 65535, 65535, 7120, 65535, 12122, 65535, 65535"
"0xd8","0x0","0","Broly - Broly's Clothes 1","2160, 2161, 1555, 2162, 7160, 5400, 10400, 21550, 27160"
"0xd8","0x1","0","Broly - Broly's Clothes 2","2160, 2161, 1553, 2162, 7160, 5400, 10400, 21550, 27161"
"0xd9","0x1","0","Vegeta (Super Saiyan God) - Battle Armor 2","2170, 2171, 1582, 599, 7170, 5810, 10160, 21082, 65535"
"0xd9","0x0","0","Vegeta (Super Saiyan God) - Battle Armor 1","2170, 2171, 1582, 599, 7170, 5810, 10160, 21082, 65535"
"0xda","0x0","0","Goku Black (Super Saiyan Rosé) - Dark Gi","2180, 2181, 1392, 599, 7180, 6392, 10130, 21084, 65535"
"0xdb","0x0","0","Broly - 0","2160, 2161, 1555, 2162, 7160, 5400, 10400, 21550, 27160"
"0xdd","0x0","0","God of Destruction Belmod - God of Destruction Belmod's Clothes","2210, 2211, 31, 599, 7210, 5013, 10240, 22210, 65535"
"0xde","0x0","0","Jiren (Full Power) - Pride Trooper Uniform","1151, 596, 166, 593, 7220, 6150, 10331, 21080, 65535"
"0xdf","0x0","0","Goku (Daima) (Mini) - Turtle Gi (Daima)","2230, 2231, 33, 593, 7230, 5050, 10341, 21081, 65535"
"0xe0","0x0","0","Goku (Daima) (Super Saiyan 4) - Turtle Gi (Daima)","2240, 2241, 31, 599, 7240, 5016, 10340, 21080, 65535"
"0xe1","0x0","0","Vegeta (Daima) (Super Saiyan 3) - Battle Armor (Daima)","2250, 2251, 1571, 598, 7250, 5050, 11510, 21081, 65535"
"0xe2","0x0","0","Broly (Super) (Wrath) - Battle Armor","2260, 1551, 1552, 593, 7260, 7160, 12260, 21550, 27260"
"0xe3","0x0","0","Golden Frieza - Golden Frieza","2270, 2271, 821, 598, 7270, 5240, 10101, 21083, 65535"
"0xe6","0x0","0","Broly (Super) - 0","65535, 65535, 65535, 65535, 65535, 65535, 65535, 65535, 27260"
"0xe7","0x0","0","Broly (Super) - 0","2260, 1551, 1552, 593, 7260, 7160, 12260, 21550, 27260"
"0xfa","0x2","0","Trunks (Future) - Battle Armor 2","270, 271, 261, 593, 5260, 5050, 10260, 21080, 27500"
"0xfa","0x3","0","Trunks (Future) - Battle Armor 3","597, 160, 262, 593, 5260, 5261, 10101, 21080, 27501"
"0xfa","0x4","0","Trunks (Future) - Battle Armor 4","62, 597, 262, 16, 5260, 6320, 10331, 21080, 25860"
"0xfa","0x0","0","Trunks (Future) - Capsule Corp. Clothes 3","271, 260, 261, 592, 5261, 5013, 10260, 21080, 27501"
"0xfa","0x1","0","Trunks (Future) - Capsule Corp. Clothes 4","62, 260, 261, 593, 5261, 5270, 10340, 21080, 27501"
"0xfa","0x6","0","Trunks (Future) - Capsule Corp. Clothes 7","260, 160, 262, 593, 5260, 5261, 10331, 21080, 25008"
"0xfa","0x3c","0","Announcer Trunks - Announcer Clothes","260, 52, 261, 593, 5013, 5261, 10331, 21080, 65535"
"0xfa","0x5","0","Trunks (Future) - Capsule Corp. Clothes 6","270, 62, 262, 16, 5261, 5013, 10101, 21080, 25008"
"0xfb","0x0","0","Vegeta - Battle Armor 9","390, 164, 812, 599, 5161, 5050, 10160, 21081, 27510"
"0xfc","0x6","0","Gohan (Youth) - Demon Clothes 5","62, 70, 52, 592, 5011, 5000, 10160, 21080, 25007"
"0xfc","0x9","0","Gohan (Youth) - Qipao","861, 595, 52, 592, 5013, 5050, 10341, 21080, 25007"
"0xfc","0xa","0","Gohan (Youth) - Turtle Gi","0, 70, 52, 593, 5072, 5011, 10000, 21080, 27521"
"0xfc","0x5","0","Gohan (Youth) - Battle Armor 3","0, 80, 14, 593, 5013, 5000, 10000, 21080, 25007"
"0xfc","0x4","0","Gohan (Youth) - Battle Armor 2","0, 596, 71, 593, 5072, 5000, 10340, 21080, 27521"
"0xfc","0x7","0","Gohan (Youth) - Demon Clothes 6","0, 70, 52, 593, 5011, 5000, 10341, 21080, 25007"
"0xfc","0x3","0","Gohan (Youth) - Battle Armor 1","62, 595, 71, 593, 5013, 5050, 10000, 21080, 27520"
"0xfd","0x1","0","Videl (Super) - Space Waitress Outfit","2140, 342, 341, 124, 7140, 5340, 10050, 21083, 65535"
"0xfe","0x2","0","Android 18 (Super) - Casual Clothes","2130, 2131, 302, 593, 7130, 5302, 10300, 21080, 65535"
"0xfe","0x1","0","Android 18 (Super) - Tracksuit 3","2130, 597, 301, 599, 7130, 5050, 10280, 21080, 65535"
"0xff","0x0","0","Golden Cooler - Golden Form","247, 2550, 850, 593, 7550, 5013, 10840, 21082, 65535"
"0x100","0x0","0","Vegito (Super Saiyan God) - Gi 1","2562, 2560, 2561, 2563, 7561, 7560, 12560, 21080, 65535"
"0x100","0x1","0","Vegito (Super Saiyan God) - Gi 2","2564, 2560, 1410, 593, 7561, 5390, 10390, 21080, 65535"
"0x100","0x2","0","Vegito (Super Saiyan God) - Time Patroller Gi","1588, 1587, 2561, 2563, 6583, 7560, 12560, 21080, 65535"
"0x101","0x0","0","Goku (Super Saiyan 4 Limit Breaker) - Time Patroller Gi 1","2570, 2571, 30, 2093, 7570, 7571, 10101, 21080, 65535"
"0x101","0x3","0","Goku (Super Saiyan 4 Limit Breaker) - Whis Symbol Gi","2570, 2571, 5, 16, 7570, 7571, 10000, 21080, 65535"
"0x101","0x2","0","Goku (Super Saiyan 4 Limit Breaker) - Time Patroller Gi 2","2570, 2571, 20, 2093, 7570, 7571, 10101, 21080, 65535"
"0x101","0x1","0","Goku (Super Saiyan 4 Limit Breaker) - Uniform","2570, 2571, 20, 2093, 7570, 7571, 10101, 21080, 65535"
"0x102","0x1","0","Vegeta (Super Saiyan 4 Limit Breaker) - Street Clothes","160, 2571, 2580, 2093, 7580, 7581, 10101, 21081, 65535"
"0x102","0x0","0","Vegeta (Super Saiyan 4 Limit Breaker) - Time Patroller Battle Armor","160, 2571, 2580, 2093, 7580, 7581, 10101, 21081, 65535"
"0x102","0x2","0","Vegeta (Super Saiyan 4 Limit Breaker) - Whis Symbol Battle Armor","810, 2571, 2580, 2093, 7580, 7581, 10160, 21081, 65535"
"0x103","0x0","0","Super Pikkon - Super Pikkon's Garb","1130, 1131, 2590, 593, 7590, 7591, 12590, 21083, 65535"
"0x104","0x0","0","Gogeta (Super Saiyan Blue) - Metamoran Clothes 1","2601, 2602, 2600, 593, 7600, 5800, 12600, 21080, 65535"
"0x104","0x1","0","Gogeta (Super Saiyan Blue) - Metamoran Clothes 2","81, 2602, 1200, 593, 7600, 5800, 10510, 21080, 65535"
"0x104","0x2","0","Gogeta (Super Saiyan Blue) - Metamoran Clothes 3","2601, 1201, 2600, 593, 7600, 5800, 10000, 21080, 65535"
"0x105","0x0","0","Golden Metal Cooler - Golden Form 1","850, 840, 841, 2610, 7610, 5013, 10840, 21084, 65535"
"0x105","0x1","0","Golden Metal Cooler - Golden Form 2","247, 840, 841, 2610, 7610, 5013, 10840, 21084, 65535"
"0x106","0x0","0","Super Buu (Gotenks Absorbed) - Gotenks Absorbed 1","383, 1441, 1440, 593, 7620, 5090, 10380, 21080, 65535"
"0x106","0x0","1","Super Buu (Gotenks Absorbed) - Gotenks Absorbed 2","380, 370, 1440, 593, 7620, 5360, 10370, 21080, 65535"
"0x107","0x0","0","Majin Android 21 - Gi","2630, 2631, 2633, 2632, 6110, 7630, 12630, 21110, 65535"
"0x107","0x1","0","Majin Android 21 - Gi (Halloween)","1110, 2631, 1112, 2632, 6110, 7640, 12630, 21110, 65535"
"0x107","0x2","0","Majin Android 21 - Swimsuit 1","1110, 2631, 1112, 2632, 6110, 7640, 12630, 21110, 65535"
"0x107","0x3","0","Majin Android 21 - Swimsuit 2","1110, 2631, 1112, 2632, 6110, 7640, 12630, 21110, 65535"
"0x108","0x1","0","Majin Android 21 (Good) - Gi (Christmas)","1110, 2640, 1112, 1111, 6110, 7640, 12640, 21110, 65535"
"0x108","0x0","0","Majin Android 21 (Good) - Gi","1110, 2640, 1112, 1111, 6110, 7640, 12640, 21110, 65535"
"0x109","0x0","0","Majin Android 21 (Evil) - Gi","2630, 2631, 1112, 2632, 6110, 7650, 12630, 21110, 65535"
"0x10a","0x0","0","Kane - Venoms Clothing","2661, 2663, 2662, 2660, 7660, 6320, 10130, 21080, 65535"
"0x10b","0x0","0","Galena - Venoms Clothing","2673, 2671, 2670, 2672, 7670, 65535, 10331, 20630, 65535"
"0x10b","0x1","0","Angela - Human Disguise","2673, 2671, 2670, 2672, 7670, 65535, 10331, 20630, 65535"
"0x10c","0x0","0","Super Android 13 - Android Clothes","2682, 2680, 2681, 599, 7680, 5011, 10130, 21082, 65535"
"0x10d","0x0","0","Fasha - Battle Armor 1","2691, 2690, 12, 599, 7690, 5050, 10160, 21081, 65535"
"0x10d","0x1","0","Fasha - Battle Armor 2","2691, 2690, 52, 599, 7690, 5013, 10331, 21081, 25007"
"0x10d","0x2","0","Fasha - Battle Armor 3","2691, 2690, 12, 599, 7690, 5050, 10160, 21081, 25007"
"0x10d","0x3","0","Fasha - Battle Armor 4","2691, 2690, 12, 599, 7690, 5050, 10000, 21081, 65535"
"0x10e","0x0","0","Super Buu (Piccolo Absorbed) - Piccolo Absorbed","97, 164, 93, 599, 7700, 5013, 10370, 21081, 65535"
"0x10f","0x0","0","Mecha Frieza - Cybernetic Enhancement","240, 247, 246, 593, 7710, 5013, 10240, 21084, 65535"
"0x110","0x1","0","Super Janemba (Dark) - Dark Dragon Ball","2720, 883, 2721, 532, 7720, 5880, 10370, 21083, 65535"
"0x110","0x0","0","Super Janemba (Dark) - Janemba (Dark)","2720, 883, 2721, 532, 7720, 5880, 10370, 21083, 65535"
"0x111","0x0","0","Majin Android 21 (Dark) - Dark Janemba Absorbed","2630, 2631, 1111, 2632, 7730, 6110, 12730, 21110, 65535"
"0x111","0x1","0","Majin Android 21 (Dark) - Dark Dragon Ball","2630, 2631, 1111, 2632, 7730, 6110, 12730, 21110, 65535"
"0x112","0x0","0","Zangya - Galactic Warrior's Clothes","2740, 2742, 1401, 2741, 7740, 5270, 10340, 21082, 65535"
"0x113","0x0","0","Demon God Demigra - Demon God Clothes","530, 531, 534, 532, 5532, 65535, 65535, 65535, 65535"
"0x114","0x0","0","Mira (Towa Absorbed) - Towa Absorbed","1250, 1251, 1257, 1252, 65535, 65535, 10130, 21192, 65535"
"0x115","0x0","0","Fused Zamasu (Half-Corrupted) - Supreme Kai's Clothes (Black)","1430, 1431, 1432, 1433, 65535, 65535, 11430, 65535, 65535"
"0x116","0x0","0","Syn Shenron - Syn Shenron","2780, 501, 231, 599, 7780, 5153, 10130, 21082, 65535"
"0x117","0x0","0","Uub (GT) - Uub's Clothes","597, 1101, 1102, 593, 7790, 5000, 11100, 21084, 65535"
"0x117","0x1","0","Uub (GT) - Turtle Gi","0, 594, 1102, 593, 7790, 5000, 10000, 21084, 65535"
"0x117","0x2","0","Uub (GT) - Kid Outfit","596, 164, 32, 599, 7790, 5270, 10001, 21088, 65535"
"0x118","0x0","0","Cellin - Failed Form","0, 108, 311, 599, 5100, 5050, 10342, 21081, 65535"
"0x119","0x1","0","Salza - Battle Armor 2","2811, 595, 211, 2810, 7810, 5210, 10210, 21081, 65535"
"0x119","0x0","0","Salza - Battle Armor 1","2811, 164, 211, 2810, 7810, 5050, 10210, 21081, 65535"
"0x11a","0x0","0","Bojack (Full Power) - Galactic Warrior's Clothes","2820, 1400, 2821, 593, 7822, 7820, 12820, 21082, 65535"
"0x11b","0x1","0","Android 18 (GT) - Casual Clothes 2","2831, 2830, 300, 599, 7830, 5011, 10331, 21081, 65535"
"0x11b","0x0","0","Android 18 (GT) - Casual Clothes 1","2831, 2830, 300, 593, 7830, 5013, 10300, 21081, 65535"
"0x11c","0x0","0","Dr. Wheelo - Cyborg Exoskeleton","2840, 863, 597, 1152, 7840, 65535, 12840, 21082, 65535"
"0x11d","0x1","0","Cui - Battle Armor 2","2850, 595, 2851, 2852, 7850, 5013, 10181, 21080, 65535"
"0x11d","0x2","0","Cui - Battle Armor 3","2850, 595, 2851, 2852, 7850, 5050, 10101, 21080, 65535"
"0x11d","0x0","0","Cui - Battle Armor 1","2850, 596, 2851, 593, 7850, 5013, 10101, 21080, 65535"
"0x11f","0x0","0","Kale - Kale's Clothes","2870, 164, 595, 2871, 7870, 65535, 10341, 21180, 65535"
"0x120","0x0","0","Kale (Super Saiyan) (Berserk) - Kale's Clothes","1180, 2880, 1554, 593, 7880, 5402, 11520, 21180, 65535"
"0x121","0x0","0","Trunks (Super Saiyan Rage) - Capsule Corp. Clothes","160, 2890, 123, 593, 7890, 6321, 10101, 21081, 65535"
"0x126","0x0","0","Goku (Sage Mode) - Sage Poncho","0, 2, 3, 2940, 7940, 5000, 10000, 21082, 65535"
"0x127","0x1","0","Papayaman - Papayaman Suit 2","1100, 1102, 0, 599, 7790, 5000, 11100, 21084, 65535"
"0x127","0x0","0","Papayaman - Papayaman Suit 1","1100, 1101, 0, 593, 6100, 5000, 11100, 21084, 65535"
"0x12d","0x0","1","Duplicate Vegeta - Duplicated Battle Armor 2","3010, 3011, 161, 599, 8020, 5161, 10130, 21080, 25160"
"0x12d","0x0","0","Duplicate Vegeta - Duplicated Battle Armor 1","3010, 3020, 160, 598, 8020, 5810, 10160, 21081, 65535"
"0x12e","0x0","0","Duplicate Vegeta (Super Saiyan Blue) - Duplicated Battle Armor","3021, 3020, 160, 599, 8020, 5810, 10101, 21081, 65535"
"0x9f","0x0","0","Frieza (Second Form) - Second Form 1","240, 243, 231, 592, 5131, 5850, 10130, 21084, 26610"
"0x9f","0x1","1","Frieza (Second Form) - Second Form 2","240, 596, 231, 592, 6211, 5241, 10130, 21084, 65535"
"0xa0","0x0","0","Frieza (Third Form) - Third Form 1","247, 596, 246, 16, 5241, 5242, 10130, 21084, 26610"
"0xa0","0x1","0","Frieza (Third Form) - Third Form 2","247, 596, 22, 16, 5241, 5270, 10130, 21084, 65535"
"0xa3","0x0","0","Goku (Yardrat) - Yardrat Clothes","0, 595, 1610, 593, 6610, 5800, 10160, 21080, 25007"
"0xa4","0x0","0","Zarbon (True Form) - Battle Suit","90, 164, 596, 592, 6220, 5151, 11220, 21080, 26611"
"0xa2","0x1","0","Piccolo (Fused with Nail) - Demon Clothes 1","90, 92, 96, 1240, 5013, 5092, 10091, 21083, 65535"
"0xa2","0x1","1","Piccolo (Fused with Nail) - Demon Clothes 2","90, 95, 1212, 1240, 6240, 5090, 10090, 21083, 65535"
"0xa2","0x2","0","Piccolo (Fused with Nail) - Demon Clothes 3","597, 92, 94, 592, 5090, 65535, 10090, 21083, 65535"
"0xa2","0x3","0","Piccolo (Fused with Nail) - Postboy Clothes","597, 94, 97, 1240, 5092, 6240, 10090, 21083, 65535"
"0xa2","0x0","0","Piccolo (Fused with Nail) - Demon Clothes 4","90, 15, 590, 1240, 5011, 6240, 10091, 21083, 65535"
"0xa2","0x0","1","Piccolo (Fused with Nail) - Demon Clothes 5","63, 97, 90, 1240, 5090, 6240, 10090, 21083, 65535"
"0xa5","0x1","0","Goku (23rd World Tournament) - Turtle Hermit Gi","40, 41, 14, 32, 5000, 5340, 10340, 65535, 65535"
"0xa6","0x5","0","Goku - Battle Suit","0, 2, 115, 593, 5000, 65535, 10341, 21080, 25007"
"0xa6","0x64","0","Goku - Battle Suit","0, 3, 5, 593, 5000, 5800, 10000, 21080, 65535"
